LOCATION,INDICATOR,SUBJECT,MEASURE,FREQUENCY,TIME,Value,Flag Codes
OECD,QGDP,TOT,PC_CHGPP,A,2000,4.134211459,
OECD,QGDP,TOT,PC_CHGPP,A,2001,1.351661763,
OECD,QGDP,TOT,PC_CHGPP,A,2002,1.622058388,
OECD,QGDP,TOT,PC_CHGPP,A,2003,2.089900122,
OECD,QGDP,TOT,PC_CHGPP,A,2004,3.353767471,
OECD,QGDP,TOT,PC_CHGPP,A,2005,2.883966206,
OECD,QGDP,TOT,PC_CHGPP,A,2006,3.136989981,
OECD,QGDP,TOT,PC_CHGPP,A,2007,2.731128977,
OECD,QGDP,TOT,PC_CHGPP,A,2008,0.448641772,
OECD,QGDP,TOT,PC_CHGPP,A,2009,-3.417594381,
OECD,QGDP,TOT,PC_CHGPP,A,2010,3.116304935,
OECD,QGDP,TOT,PC_CHGPP,A,2011,2.077203869,
OECD,QGDP,TOT,PC_CHGPP,A,2012,1.40223762,
OECD,QGDP,TOT,PC_CHGPP,A,2013,1.583128068,
OECD,QGDP,TOT,PC_CHGPP,A,2014,2.142907153,
OECD,QGDP,TOT,PC_CHGPP,A,2015,2.532318911,
OECD,QGDP,TOT,PC_CHGPP,A,2016,1.88579073,
OECD,QGDP,TOT,PC_CHGPP,A,2017,2.638162771,
OECD,QGDP,TOT,PC_CHGPP,A,2018,2.3868641,
OECD,QGDP,TOT,PC_CHGPP,A,2019,1.698495801,
OECD,QGDP,TOT,PC_CHGPP,A,2020,-4.349879941,
OECD,QGDP,TOT,PC_CHGPP,A,2021,5.690301717,
OECD,QGDP,TOT,PC_CHGPP,A,2022,2.9,
EST,QGDP,TOT,PC_CHGPP,A,2000,10.08763699,
EST,QGDP,TOT,PC_CHGPP,A,2001,6.00367406,
EST,QGDP,TOT,PC_CHGPP,A,2002,6.771366974,
EST,QGDP,TOT,PC_CHGPP,A,2003,7.600265729,
EST,QGDP,TOT,PC_CHGPP,A,2004,6.804003009,
EST,QGDP,TOT,PC_CHGPP,A,2005,9.526428986,
EST,QGDP,TOT,PC_CHGPP,A,2006,9.765582251,
EST,QGDP,TOT,PC_CHGPP,A,2007,7.579142637,
EST,QGDP,TOT,PC_CHGPP,A,2008,-5.131999487,
EST,QGDP,TOT,PC_CHGPP,A,2009,-14.62905966,
EST,QGDP,TOT,PC_CHGPP,A,2010,2.44426636,
EST,QGDP,TOT,PC_CHGPP,A,2011,7.263085848,
EST,QGDP,TOT,PC_CHGPP,A,2012,3.228202109,
EST,QGDP,TOT,PC_CHGPP,A,2013,1.458430169,
EST,QGDP,TOT,PC_CHGPP,A,2014,3.01136295,
EST,QGDP,TOT,PC_CHGPP,A,2015,1.853019077,
EST,QGDP,TOT,PC_CHGPP,A,2016,3.155566814,
EST,QGDP,TOT,PC_CHGPP,A,2017,5.792042325,
EST,QGDP,TOT,PC_CHGPP,A,2018,3.784204487,
EST,QGDP,TOT,PC_CHGPP,A,2019,3.73970535,
EST,QGDP,TOT,PC_CHGPP,A,2020,-0.551002495,
EST,QGDP,TOT,PC_CHGPP,A,2021,8.013466342,
EST,QGDP,TOT,PC_CHGPP,A,2022,-1.287411316,
ESP,QGDP,TOT,PC_CHGPP,A,2000,5.245823578,
ESP,QGDP,TOT,PC_CHGPP,A,2001,3.93312151,
ESP,QGDP,TOT,PC_CHGPP,A,2002,2.730838401,
ESP,QGDP,TOT,PC_CHGPP,A,2003,2.981939507,
ESP,QGDP,TOT,PC_CHGPP,A,2004,3.122840669,
ESP,QGDP,TOT,PC_CHGPP,A,2005,3.651983431,
ESP,QGDP,TOT,PC_CHGPP,A,2006,4.102884151,
ESP,QGDP,TOT,PC_CHGPP,A,2007,3.604641716,
ESP,QGDP,TOT,PC_CHGPP,A,2008,0.886976915,
ESP,QGDP,TOT,PC_CHGPP,A,2009,-3.763021066,
ESP,QGDP,TOT,PC_CHGPP,A,2010,0.162919518,
ESP,QGDP,TOT,PC_CHGPP,A,2011,-0.814384777,
ESP,QGDP,TOT,PC_CHGPP,A,2012,-2.958828691,
ESP,QGDP,TOT,PC_CHGPP,A,2013,-1.403436807,
ESP,QGDP,TOT,PC_CHGPP,A,2014,1.395775367,
ESP,QGDP,TOT,PC_CHGPP,A,2015,3.83842256,
ESP,QGDP,TOT,PC_CHGPP,A,2016,3.037869716,
ESP,QGDP,TOT,PC_CHGPP,A,2017,2.975670707,
ESP,QGDP,TOT,PC_CHGPP,A,2018,2.284558837,
ESP,QGDP,TOT,PC_CHGPP,A,2019,1.983880755,
ESP,QGDP,TOT,PC_CHGPP,A,2020,-11.3252802,P
ESP,QGDP,TOT,PC_CHGPP,A,2021,5.519495248,P
ESP,QGDP,TOT,PC_CHGPP,A,2022,5.47807177,P
DNK,QGDP,TOT,PC_CHGPP,A,2000,3.746862171,
DNK,QGDP,TOT,PC_CHGPP,A,2001,0.823155361,
DNK,QGDP,TOT,PC_CHGPP,A,2002,0.466344956,
DNK,QGDP,TOT,PC_CHGPP,A,2003,0.39005623,
DNK,QGDP,TOT,PC_CHGPP,A,2004,2.668217538,
DNK,QGDP,TOT,PC_CHGPP,A,2005,2.336641647,
DNK,QGDP,TOT,PC_CHGPP,A,2006,3.913003347,
DNK,QGDP,TOT,PC_CHGPP,A,2007,0.909247626,
DNK,QGDP,TOT,PC_CHGPP,A,2008,-0.512019927,
DNK,QGDP,TOT,PC_CHGPP,A,2009,-4.906546955,
DNK,QGDP,TOT,PC_CHGPP,A,2010,1.870987434,
DNK,QGDP,TOT,PC_CHGPP,A,2011,1.336780558,
DNK,QGDP,TOT,PC_CHGPP,A,2012,0.226512119,
DNK,QGDP,TOT,PC_CHGPP,A,2013,0.933338205,
DNK,QGDP,TOT,PC_CHGPP,A,2014,1.619396343,
DNK,QGDP,TOT,PC_CHGPP,A,2015,2.342587725,
DNK,QGDP,TOT,PC_CHGPP,A,2016,3.245949426,
DNK,QGDP,TOT,PC_CHGPP,A,2017,2.821749347,
DNK,QGDP,TOT,PC_CHGPP,A,2018,1.989532464,
DNK,QGDP,TOT,PC_CHGPP,A,2019,1.493486638,
DNK,QGDP,TOT,PC_CHGPP,A,2020,-1.994598117,
DNK,QGDP,TOT,PC_CHGPP,A,2021,4.855696527,
DNK,QGDP,TOT,PC_CHGPP,A,2022,3.625570598,
JPN,QGDP,TOT,PC_CHGPP,A,2000,2.764668845,
JPN,QGDP,TOT,PC_CHGPP,A,2001,0.386082626,
JPN,QGDP,TOT,PC_CHGPP,A,2002,0.041962499,
JPN,QGDP,TOT,PC_CHGPP,A,2003,1.535146131,
JPN,QGDP,TOT,PC_CHGPP,A,2004,2.18609493,
JPN,QGDP,TOT,PC_CHGPP,A,2005,1.803920758,
JPN,QGDP,TOT,PC_CHGPP,A,2006,1.372330327,
JPN,QGDP,TOT,PC_CHGPP,A,2007,1.483969412,
JPN,QGDP,TOT,PC_CHGPP,A,2008,-1.224289001,
JPN,QGDP,TOT,PC_CHGPP,A,2009,-5.693217137,
JPN,QGDP,TOT,PC_CHGPP,A,2010,4.097896702,
JPN,QGDP,TOT,PC_CHGPP,A,2011,0.023809524,
JPN,QGDP,TOT,PC_CHGPP,A,2012,1.374750999,
JPN,QGDP,TOT,PC_CHGPP,A,2013,2.005100177,
JPN,QGDP,TOT,PC_CHGPP,A,2014,0.296186584,
JPN,QGDP,TOT,PC_CHGPP,A,2015,1.560645866,
JPN,QGDP,TOT,PC_CHGPP,A,2016,0.75384533,
JPN,QGDP,TOT,PC_CHGPP,A,2017,1.675312997,
JPN,QGDP,TOT,PC_CHGPP,A,2018,0.643409165,
JPN,QGDP,TOT,PC_CHGPP,A,2019,-0.402169128,
JPN,QGDP,TOT,PC_CHGPP,A,2020,-4.27863911,
JPN,QGDP,TOT,PC_CHGPP,A,2021,2.144567584,
JPN,QGDP,TOT,PC_CHGPP,A,2022,1.028622623,
NOR,QGDP,TOT,PC_CHGPP,A,2000,3.318917345,
NOR,QGDP,TOT,PC_CHGPP,A,2001,2.06716977,
NOR,QGDP,TOT,PC_CHGPP,A,2002,1.377540329,
NOR,QGDP,TOT,PC_CHGPP,A,2003,0.944896383,
NOR,QGDP,TOT,PC_CHGPP,A,2004,4.014633022,
NOR,QGDP,TOT,PC_CHGPP,A,2005,2.685101506,
NOR,QGDP,TOT,PC_CHGPP,A,2006,2.46148106,
NOR,QGDP,TOT,PC_CHGPP,A,2007,2.9140316,
NOR,QGDP,TOT,PC_CHGPP,A,2008,0.481886575,
NOR,QGDP,TOT,PC_CHGPP,A,2009,-1.940327065,
NOR,QGDP,TOT,PC_CHGPP,A,2010,0.787016041,
NOR,QGDP,TOT,PC_CHGPP,A,2011,1.105682602,
NOR,QGDP,TOT,PC_CHGPP,A,2012,2.717966407,
NOR,QGDP,TOT,PC_CHGPP,A,2013,1.016167144,
NOR,QGDP,TOT,PC_CHGPP,A,2014,2.048171443,
NOR,QGDP,TOT,PC_CHGPP,A,2015,1.857298079,
NOR,QGDP,TOT,PC_CHGPP,A,2016,1.164760816,
NOR,QGDP,TOT,PC_CHGPP,A,2017,2.463714528,
NOR,QGDP,TOT,PC_CHGPP,A,2018,0.828922793,
NOR,QGDP,TOT,PC_CHGPP,A,2019,1.123743917,
NOR,QGDP,TOT,PC_CHGPP,A,2020,-1.278151445,
NOR,QGDP,TOT,PC_CHGPP,A,2021,3.898369962,
NOR,QGDP,TOT,PC_CHGPP,A,2022,3.280587902,
BEL,QGDP,TOT,PC_CHGPP,A,2000,3.71677963,
BEL,QGDP,TOT,PC_CHGPP,A,2001,1.099771248,
BEL,QGDP,TOT,PC_CHGPP,A,2002,1.706883048,
BEL,QGDP,TOT,PC_CHGPP,A,2003,1.03798163,
BEL,QGDP,TOT,PC_CHGPP,A,2004,3.571084408,
BEL,QGDP,TOT,PC_CHGPP,A,2005,2.322132437,
BEL,QGDP,TOT,PC_CHGPP,A,2006,2.551596815,
BEL,QGDP,TOT,PC_CHGPP,A,2007,3.677083053,
BEL,QGDP,TOT,PC_CHGPP,A,2008,0.447318293,
BEL,QGDP,TOT,PC_CHGPP,A,2009,-2.020996901,
BEL,QGDP,TOT,PC_CHGPP,A,2010,2.864531215,
BEL,QGDP,TOT,PC_CHGPP,A,2011,1.694459662,
BEL,QGDP,TOT,PC_CHGPP,A,2012,0.739090486,
BEL,QGDP,TOT,PC_CHGPP,A,2013,0.45929217,
BEL,QGDP,TOT,PC_CHGPP,A,2014,1.578532358,
BEL,QGDP,TOT,PC_CHGPP,A,2015,2.041311082,
BEL,QGDP,TOT,PC_CHGPP,A,2016,1.266855611,
BEL,QGDP,TOT,PC_CHGPP,A,2017,1.619508034,
BEL,QGDP,TOT,PC_CHGPP,A,2018,1.792851912,
BEL,QGDP,TOT,PC_CHGPP,A,2019,2.241226844,
BEL,QGDP,TOT,PC_CHGPP,A,2020,-5.361596289,P
BEL,QGDP,TOT,PC_CHGPP,A,2021,6.133910412,P
BEL,QGDP,TOT,PC_CHGPP,A,2022,3.09103564,P
HUN,QGDP,TOT,PC_CHGPP,A,2000,4.479198817,
HUN,QGDP,TOT,PC_CHGPP,A,2001,4.074087873,
HUN,QGDP,TOT,PC_CHGPP,A,2002,4.741282612,
HUN,QGDP,TOT,PC_CHGPP,A,2003,4.074249746,
HUN,QGDP,TOT,PC_CHGPP,A,2004,5.004620692,
HUN,QGDP,TOT,PC_CHGPP,A,2005,4.29427761,
HUN,QGDP,TOT,PC_CHGPP,A,2006,3.946070027,
HUN,QGDP,TOT,PC_CHGPP,A,2007,0.277366709,
HUN,QGDP,TOT,PC_CHGPP,A,2008,1.003943059,
HUN,QGDP,TOT,PC_CHGPP,A,2009,-6.597864427,
HUN,QGDP,TOT,PC_CHGPP,A,2010,1.076254043,
HUN,QGDP,TOT,PC_CHGPP,A,2011,1.866840641,
HUN,QGDP,TOT,PC_CHGPP,A,2012,-1.250229093,
HUN,QGDP,TOT,PC_CHGPP,A,2013,1.802522101,
HUN,QGDP,TOT,PC_CHGPP,A,2014,4.232212898,
HUN,QGDP,TOT,PC_CHGPP,A,2015,3.707309937,
HUN,QGDP,TOT,PC_CHGPP,A,2016,2.201004816,
HUN,QGDP,TOT,PC_CHGPP,A,2017,4.271976016,
HUN,QGDP,TOT,PC_CHGPP,A,2018,5.362329576,
HUN,QGDP,TOT,PC_CHGPP,A,2019,4.857795031,
HUN,QGDP,TOT,PC_CHGPP,A,2020,-4.547263823,
HUN,QGDP,TOT,PC_CHGPP,A,2021,7.117315315,P
HUN,QGDP,TOT,PC_CHGPP,A,2022,4.573483611,P
KOR,QGDP,TOT,PC_CHGPP,A,2000,9.060846,
KOR,QGDP,TOT,PC_CHGPP,A,2001,4.8524,
KOR,QGDP,TOT,PC_CHGPP,A,2002,7.725143,
KOR,QGDP,TOT,PC_CHGPP,A,2003,3.147291,
KOR,QGDP,TOT,PC_CHGPP,A,2004,5.197391,
KOR,QGDP,TOT,PC_CHGPP,A,2005,4.308534,
KOR,QGDP,TOT,PC_CHGPP,A,2006,5.264336,
KOR,QGDP,TOT,PC_CHGPP,A,2007,5.799548,
KOR,QGDP,TOT,PC_CHGPP,A,2008,3.012985,
KOR,QGDP,TOT,PC_CHGPP,A,2009,0.792699,
KOR,QGDP,TOT,PC_CHGPP,A,2010,6.804825,
KOR,QGDP,TOT,PC_CHGPP,A,2011,3.685668,
KOR,QGDP,TOT,PC_CHGPP,A,2012,2.402531,
KOR,QGDP,TOT,PC_CHGPP,A,2013,3.164709,
KOR,QGDP,TOT,PC_CHGPP,A,2014,3.202454,
KOR,QGDP,TOT,PC_CHGPP,A,2015,2.809103,
KOR,QGDP,TOT,PC_CHGPP,A,2016,2.946881715,
KOR,QGDP,TOT,PC_CHGPP,A,2017,3.15963574,
KOR,QGDP,TOT,PC_CHGPP,A,2018,2.907403774,
KOR,QGDP,TOT,PC_CHGPP,A,2019,2.24397786,
KOR,QGDP,TOT,PC_CHGPP,A,2020,-0.709409962,
KOR,QGDP,TOT,PC_CHGPP,A,2021,4.145312857,P
KOR,QGDP,TOT,PC_CHGPP,A,2022,2.560537566,
AUT,QGDP,TOT,PC_CHGPP,A,2000,3.3757198,
AUT,QGDP,TOT,PC_CHGPP,A,2001,1.267167948,
AUT,QGDP,TOT,PC_CHGPP,A,2002,1.651552793,
AUT,QGDP,TOT,PC_CHGPP,A,2003,0.941475669,
AUT,QGDP,TOT,PC_CHGPP,A,2004,2.73511664,
AUT,QGDP,TOT,PC_CHGPP,A,2005,2.244065586,
AUT,QGDP,TOT,PC_CHGPP,A,2006,3.454035839,
AUT,QGDP,TOT,PC_CHGPP,A,2007,3.727416073,
AUT,QGDP,TOT,PC_CHGPP,A,2008,1.46042314,
AUT,QGDP,TOT,PC_CHGPP,A,2009,-3.764579527,
AUT,QGDP,TOT,PC_CHGPP,A,2010,1.837094256,
AUT,QGDP,TOT,PC_CHGPP,A,2011,2.922799103,
AUT,QGDP,TOT,PC_CHGPP,A,2012,0.680444378,
AUT,QGDP,TOT,PC_CHGPP,A,2013,0.025505515,
AUT,QGDP,TOT,PC_CHGPP,A,2014,0.661276219,
AUT,QGDP,TOT,PC_CHGPP,A,2015,1.014502605,
AUT,QGDP,TOT,PC_CHGPP,A,2016,1.989436677,
AUT,QGDP,TOT,PC_CHGPP,A,2017,2.258570451,
AUT,QGDP,TOT,PC_CHGPP,A,2018,2.42538899,
AUT,QGDP,TOT,PC_CHGPP,A,2019,1.517386132,
AUT,QGDP,TOT,PC_CHGPP,A,2020,-6.4539695,
AUT,QGDP,TOT,PC_CHGPP,A,2021,4.556852833,
AUT,QGDP,TOT,PC_CHGPP,A,2022,4.9969421,
IDN,QGDP,TOT,PC_CHGPP,A,2000,4.920041,E
IDN,QGDP,TOT,PC_CHGPP,A,2001,3.643466,E
IDN,QGDP,TOT,PC_CHGPP,A,2002,4.499475,E
IDN,QGDP,TOT,PC_CHGPP,A,2003,4.780369,E
IDN,QGDP,TOT,PC_CHGPP,A,2004,5.030874,E
IDN,QGDP,TOT,PC_CHGPP,A,2005,5.692571,E
IDN,QGDP,TOT,PC_CHGPP,A,2006,5.500952,E
IDN,QGDP,TOT,PC_CHGPP,A,2007,6.345022,E
IDN,QGDP,TOT,PC_CHGPP,A,2008,6.013703,
IDN,QGDP,TOT,PC_CHGPP,A,2009,4.701769,
IDN,QGDP,TOT,PC_CHGPP,A,2010,6.377626,
IDN,QGDP,TOT,PC_CHGPP,A,2011,6.169784,
IDN,QGDP,TOT,PC_CHGPP,A,2012,6.030051,
IDN,QGDP,TOT,PC_CHGPP,A,2013,5.557264,
IDN,QGDP,TOT,PC_CHGPP,A,2014,5.006668,
IDN,QGDP,TOT,PC_CHGPP,A,2015,4.876322,
IDN,QGDP,TOT,PC_CHGPP,A,2016,5.033069,
IDN,QGDP,TOT,PC_CHGPP,A,2017,5.069786,
IDN,QGDP,TOT,PC_CHGPP,A,2018,5.17429154,
IDN,QGDP,TOT,PC_CHGPP,A,2019,5.01928768,
IDN,QGDP,TOT,PC_CHGPP,A,2020,-2.065511829,
IDN,QGDP,TOT,PC_CHGPP,A,2021,3.703055357,
IDN,QGDP,TOT,PC_CHGPP,A,2022,5.308595005,
SVK,QGDP,TOT,PC_CHGPP,A,2000,1.166526518,
SVK,QGDP,TOT,PC_CHGPP,A,2001,3.253783981,
SVK,QGDP,TOT,PC_CHGPP,A,2002,4.509444138,
SVK,QGDP,TOT,PC_CHGPP,A,2003,5.499083077,
SVK,QGDP,TOT,PC_CHGPP,A,2004,5.278880718,
SVK,QGDP,TOT,PC_CHGPP,A,2005,6.623461259,
SVK,QGDP,TOT,PC_CHGPP,A,2006,8.493176745,
SVK,QGDP,TOT,PC_CHGPP,A,2007,10.83202881,
SVK,QGDP,TOT,PC_CHGPP,A,2008,5.574886345,
SVK,QGDP,TOT,PC_CHGPP,A,2009,-5.455532867,
SVK,QGDP,TOT,PC_CHGPP,A,2010,6.71663275,
SVK,QGDP,TOT,PC_CHGPP,A,2011,2.671452779,
SVK,QGDP,TOT,PC_CHGPP,A,2012,1.318802246,
SVK,QGDP,TOT,PC_CHGPP,A,2013,0.632740007,
SVK,QGDP,TOT,PC_CHGPP,A,2014,2.697189807,
SVK,QGDP,TOT,PC_CHGPP,A,2015,5.167181606,
SVK,QGDP,TOT,PC_CHGPP,A,2016,1.943950861,
SVK,QGDP,TOT,PC_CHGPP,A,2017,2.938068678,
SVK,QGDP,TOT,PC_CHGPP,A,2018,4.030389714,
SVK,QGDP,TOT,PC_CHGPP,A,2019,2.519693137,
SVK,QGDP,TOT,PC_CHGPP,A,2020,-3.374681766,
SVK,QGDP,TOT,PC_CHGPP,A,2021,3.014302861,
SVK,QGDP,TOT,PC_CHGPP,A,2022,1.668703402,
FIN,QGDP,TOT,PC_CHGPP,A,2000,5.773293357,
FIN,QGDP,TOT,PC_CHGPP,A,2001,2.609423799,
FIN,QGDP,TOT,PC_CHGPP,A,2002,1.707139549,
FIN,QGDP,TOT,PC_CHGPP,A,2003,2.003773339,
FIN,QGDP,TOT,PC_CHGPP,A,2004,3.992070072,
FIN,QGDP,TOT,PC_CHGPP,A,2005,2.779836348,
FIN,QGDP,TOT,PC_CHGPP,A,2006,4.027389631,
FIN,QGDP,TOT,PC_CHGPP,A,2007,5.299311176,
FIN,QGDP,TOT,PC_CHGPP,A,2008,0.783991502,
FIN,QGDP,TOT,PC_CHGPP,A,2009,-8.074411063,
FIN,QGDP,TOT,PC_CHGPP,A,2010,3.185943043,
FIN,QGDP,TOT,PC_CHGPP,A,2011,2.547177875,
FIN,QGDP,TOT,PC_CHGPP,A,2012,-1.397082658,
FIN,QGDP,TOT,PC_CHGPP,A,2013,-0.902161713,
FIN,QGDP,TOT,PC_CHGPP,A,2014,-0.364908157,
FIN,QGDP,TOT,PC_CHGPP,A,2015,0.543659212,
FIN,QGDP,TOT,PC_CHGPP,A,2016,2.811457767,
FIN,QGDP,TOT,PC_CHGPP,A,2017,3.19240963,
FIN,QGDP,TOT,PC_CHGPP,A,2018,1.139718013,
FIN,QGDP,TOT,PC_CHGPP,A,2019,1.224308048,
FIN,QGDP,TOT,PC_CHGPP,A,2020,-2.354975414,
FIN,QGDP,TOT,PC_CHGPP,A,2021,3.046495861,
FIN,QGDP,TOT,PC_CHGPP,A,2022,2.036169715,
TUR,QGDP,TOT,PC_CHGPP,A,2000,6.933239833,
TUR,QGDP,TOT,PC_CHGPP,A,2001,-5.750006476,
TUR,QGDP,TOT,PC_CHGPP,A,2002,6.447721915,
TUR,QGDP,TOT,PC_CHGPP,A,2003,5.763206248,
TUR,QGDP,TOT,PC_CHGPP,A,2004,9.795936407,
TUR,QGDP,TOT,PC_CHGPP,A,2005,8.992305021,
TUR,QGDP,TOT,PC_CHGPP,A,2006,6.947987774,
TUR,QGDP,TOT,PC_CHGPP,A,2007,5.043508088,
TUR,QGDP,TOT,PC_CHGPP,A,2008,0.815024592,
TUR,QGDP,TOT,PC_CHGPP,A,2009,-4.823154055,
TUR,QGDP,TOT,PC_CHGPP,A,2010,8.427104437,
TUR,QGDP,TOT,PC_CHGPP,A,2011,11.20011056,
TUR,QGDP,TOT,PC_CHGPP,A,2012,4.788492652,
TUR,QGDP,TOT,PC_CHGPP,A,2013,8.485817023,
TUR,QGDP,TOT,PC_CHGPP,A,2014,4.939715133,
TUR,QGDP,TOT,PC_CHGPP,A,2015,6.084487003,
TUR,QGDP,TOT,PC_CHGPP,A,2016,3.323084167,
TUR,QGDP,TOT,PC_CHGPP,A,2017,7.501997437,
TUR,QGDP,TOT,PC_CHGPP,A,2018,2.979885265,
TUR,QGDP,TOT,PC_CHGPP,A,2019,0.78361025,
TUR,QGDP,TOT,PC_CHGPP,A,2020,1.940032222,
TUR,QGDP,TOT,PC_CHGPP,A,2021,11.3534964,
TUR,QGDP,TOT,PC_CHGPP,A,2022,5.565860041,
GRC,QGDP,TOT,PC_CHGPP,A,2000,3.919770754,
GRC,QGDP,TOT,PC_CHGPP,A,2001,4.131612053,
GRC,QGDP,TOT,PC_CHGPP,A,2002,3.922871841,
GRC,QGDP,TOT,PC_CHGPP,A,2003,5.79453126,
GRC,QGDP,TOT,PC_CHGPP,A,2004,5.060992579,
GRC,QGDP,TOT,PC_CHGPP,A,2005,0.599224801,
GRC,QGDP,TOT,PC_CHGPP,A,2006,5.652433691,
GRC,QGDP,TOT,PC_CHGPP,A,2007,3.27374689,
GRC,QGDP,TOT,PC_CHGPP,A,2008,-0.335172588,
GRC,QGDP,TOT,PC_CHGPP,A,2009,-4.300733648,
GRC,QGDP,TOT,PC_CHGPP,A,2010,-5.478649135,B
GRC,QGDP,TOT,PC_CHGPP,A,2011,-10.14931455,
GRC,QGDP,TOT,PC_CHGPP,A,2012,-7.08669691,
GRC,QGDP,TOT,PC_CHGPP,A,2013,-2.515997047,
GRC,QGDP,TOT,PC_CHGPP,A,2014,0.475695568,
GRC,QGDP,TOT,PC_CHGPP,A,2015,-0.196087496,
GRC,QGDP,TOT,PC_CHGPP,A,2016,-0.487173037,
GRC,QGDP,TOT,PC_CHGPP,A,2017,1.092148951,
GRC,QGDP,TOT,PC_CHGPP,A,2018,1.668428358,
GRC,QGDP,TOT,PC_CHGPP,A,2019,1.884342284,
GRC,QGDP,TOT,PC_CHGPP,A,2020,-9.004043787,P
GRC,QGDP,TOT,PC_CHGPP,A,2021,8.434425502,P
GRC,QGDP,TOT,PC_CHGPP,A,2022,5.913708381,P
NZL,QGDP,TOT,PC_CHGPP,A,2000,4.215975317,
NZL,QGDP,TOT,PC_CHGPP,A,2001,2.511200732,
NZL,QGDP,TOT,PC_CHGPP,A,2002,4.720952919,
NZL,QGDP,TOT,PC_CHGPP,A,2003,4.412521756,
NZL,QGDP,TOT,PC_CHGPP,A,2004,4.849388397,
NZL,QGDP,TOT,PC_CHGPP,A,2005,3.218872107,
NZL,QGDP,TOT,PC_CHGPP,A,2006,2.822370705,
NZL,QGDP,TOT,PC_CHGPP,A,2007,3.520792455,
NZL,QGDP,TOT,PC_CHGPP,A,2008,-0.316412161,
NZL,QGDP,TOT,PC_CHGPP,A,2009,-1.158749144,
NZL,QGDP,TOT,PC_CHGPP,A,2010,1.699806076,
NZL,QGDP,TOT,PC_CHGPP,A,2011,1.793940873,
NZL,QGDP,TOT,PC_CHGPP,A,2012,2.478145762,
NZL,QGDP,TOT,PC_CHGPP,A,2013,2.342177226,
NZL,QGDP,TOT,PC_CHGPP,A,2014,3.800796357,
NZL,QGDP,TOT,PC_CHGPP,A,2015,3.657954629,
NZL,QGDP,TOT,PC_CHGPP,A,2016,3.968429626,
NZL,QGDP,TOT,PC_CHGPP,A,2017,3.4695346,
NZL,QGDP,TOT,PC_CHGPP,A,2018,3.55811408,
NZL,QGDP,TOT,PC_CHGPP,A,2019,3.068315923,
NZL,QGDP,TOT,PC_CHGPP,A,2020,-1.448392581,
NZL,QGDP,TOT,PC_CHGPP,A,2021,6.053576598,
ARG,QGDP,TOT,PC_CHGPP,A,2000,-0.788999,
ARG,QGDP,TOT,PC_CHGPP,A,2001,-4.40884,
ARG,QGDP,TOT,PC_CHGPP,A,2002,-10.894485,
ARG,QGDP,TOT,PC_CHGPP,A,2003,8.837041,
ARG,QGDP,TOT,PC_CHGPP,A,2004,9.029573,
ARG,QGDP,TOT,PC_CHGPP,A,2005,8.85166,
ARG,QGDP,TOT,PC_CHGPP,A,2006,8.047151,
ARG,QGDP,TOT,PC_CHGPP,A,2007,9.007651,
ARG,QGDP,TOT,PC_CHGPP,A,2008,4.057233,
ARG,QGDP,TOT,PC_CHGPP,A,2009,-5.918525,
ARG,QGDP,TOT,PC_CHGPP,A,2010,10.125398,
ARG,QGDP,TOT,PC_CHGPP,A,2011,6.003952,
ARG,QGDP,TOT,PC_CHGPP,A,2012,-1.02642,
ARG,QGDP,TOT,PC_CHGPP,A,2013,2.405324,
ARG,QGDP,TOT,PC_CHGPP,A,2014,-2.512615,
ARG,QGDP,TOT,PC_CHGPP,A,2015,2.73116,
ARG,QGDP,TOT,PC_CHGPP,A,2016,-2.080328,
ARG,QGDP,TOT,PC_CHGPP,A,2017,2.818502971,
ARG,QGDP,TOT,PC_CHGPP,A,2018,-2.617396456,
ARG,QGDP,TOT,PC_CHGPP,A,2019,-2.000861003,
ARG,QGDP,TOT,PC_CHGPP,A,2020,-9.943235134,
ARG,QGDP,TOT,PC_CHGPP,A,2021,10.39824947,
SVN,QGDP,TOT,PC_CHGPP,A,2000,3.672369267,
SVN,QGDP,TOT,PC_CHGPP,A,2001,3.216560703,
SVN,QGDP,TOT,PC_CHGPP,A,2002,3.505599548,
SVN,QGDP,TOT,PC_CHGPP,A,2003,2.960260183,
SVN,QGDP,TOT,PC_CHGPP,A,2004,4.359193075,
SVN,QGDP,TOT,PC_CHGPP,A,2005,3.797970381,
SVN,QGDP,TOT,PC_CHGPP,A,2006,5.746397195,
SVN,QGDP,TOT,PC_CHGPP,A,2007,6.980162313,
SVN,QGDP,TOT,PC_CHGPP,A,2008,3.509841297,
SVN,QGDP,TOT,PC_CHGPP,A,2009,-7.548438755,
SVN,QGDP,TOT,PC_CHGPP,A,2010,1.343748487,
SVN,QGDP,TOT,PC_CHGPP,A,2011,0.861329109,
SVN,QGDP,TOT,PC_CHGPP,A,2012,-2.639438709,
SVN,QGDP,TOT,PC_CHGPP,A,2013,-1.029284045,
SVN,QGDP,TOT,PC_CHGPP,A,2014,2.768158112,
SVN,QGDP,TOT,PC_CHGPP,A,2015,2.210081716,
SVN,QGDP,TOT,PC_CHGPP,A,2016,3.191853641,
SVN,QGDP,TOT,PC_CHGPP,A,2017,4.815379181,
SVN,QGDP,TOT,PC_CHGPP,A,2018,4.454365734,
SVN,QGDP,TOT,PC_CHGPP,A,2019,3.451080729,
SVN,QGDP,TOT,PC_CHGPP,A,2020,-4.321370438,
SVN,QGDP,TOT,PC_CHGPP,A,2021,8.211061724,
SVN,QGDP,TOT,PC_CHGPP,A,2022,5.374553315,
GBR,QGDP,TOT,PC_CHGPP,A,2000,4.092653474,
GBR,QGDP,TOT,PC_CHGPP,A,2001,2.157428168,
GBR,QGDP,TOT,PC_CHGPP,A,2002,1.770765291,
GBR,QGDP,TOT,PC_CHGPP,A,2003,3.123053337,
GBR,QGDP,TOT,PC_CHGPP,A,2004,2.344971459,
GBR,QGDP,TOT,PC_CHGPP,A,2005,2.668337668,
GBR,QGDP,TOT,PC_CHGPP,A,2006,2.160405278,
GBR,QGDP,TOT,PC_CHGPP,A,2007,2.563460517,
GBR,QGDP,TOT,PC_CHGPP,A,2008,-0.154344364,
GBR,QGDP,TOT,PC_CHGPP,A,2009,-4.510485573,
GBR,QGDP,TOT,PC_CHGPP,A,2010,2.430072889,
GBR,QGDP,TOT,PC_CHGPP,A,2011,1.067610916,
GBR,QGDP,TOT,PC_CHGPP,A,2012,1.448456743,
GBR,QGDP,TOT,PC_CHGPP,A,2013,1.819863367,
GBR,QGDP,TOT,PC_CHGPP,A,2014,3.199702638,
GBR,QGDP,TOT,PC_CHGPP,A,2015,2.393103192,
GBR,QGDP,TOT,PC_CHGPP,A,2016,2.165206236,
GBR,QGDP,TOT,PC_CHGPP,A,2017,2.44357044,
GBR,QGDP,TOT,PC_CHGPP,A,2018,1.705021022,
GBR,QGDP,TOT,PC_CHGPP,A,2019,1.60430866,
GBR,QGDP,TOT,PC_CHGPP,A,2020,-11.03085847,
GBR,QGDP,TOT,PC_CHGPP,A,2021,7.597470975,
GBR,QGDP,TOT,PC_CHGPP,A,2022,4.045431593,
AUS,QGDP,TOT,PC_CHGPP,A,2000,3.388544793,
AUS,QGDP,TOT,PC_CHGPP,A,2001,2.738354119,
AUS,QGDP,TOT,PC_CHGPP,A,2002,4.016771719,
AUS,QGDP,TOT,PC_CHGPP,A,2003,3.13962852,
AUS,QGDP,TOT,PC_CHGPP,A,2004,3.955919475,
AUS,QGDP,TOT,PC_CHGPP,A,2005,3.012946532,
AUS,QGDP,TOT,PC_CHGPP,A,2006,2.685097386,
AUS,QGDP,TOT,PC_CHGPP,A,2007,4.374535719,
AUS,QGDP,TOT,PC_CHGPP,A,2008,2.417800485,
AUS,QGDP,TOT,PC_CHGPP,A,2009,1.981399861,
AUS,QGDP,TOT,PC_CHGPP,A,2010,2.484017245,
AUS,QGDP,TOT,PC_CHGPP,A,2011,2.659461789,
AUS,QGDP,TOT,PC_CHGPP,A,2012,3.895451748,
AUS,QGDP,TOT,PC_CHGPP,A,2013,2.168080482,
AUS,QGDP,TOT,PC_CHGPP,A,2014,2.527833587,
AUS,QGDP,TOT,PC_CHGPP,A,2015,2.268946152,
AUS,QGDP,TOT,PC_CHGPP,A,2016,2.684297641,
AUS,QGDP,TOT,PC_CHGPP,A,2017,2.425226615,
AUS,QGDP,TOT,PC_CHGPP,A,2018,2.84451097,
AUS,QGDP,TOT,PC_CHGPP,A,2019,1.921714637,
AUS,QGDP,TOT,PC_CHGPP,A,2020,-1.856707716,
AUS,QGDP,TOT,PC_CHGPP,A,2021,5.239895051,
AUS,QGDP,TOT,PC_CHGPP,A,2022,3.628971349,
USA,QGDP,TOT,PC_CHGPP,A,2000,4.077157027,
USA,QGDP,TOT,PC_CHGPP,A,2001,0.954341708,
USA,QGDP,TOT,PC_CHGPP,A,2002,1.695943059,
USA,QGDP,TOT,PC_CHGPP,A,2003,2.796206017,
USA,QGDP,TOT,PC_CHGPP,A,2004,3.852554963,
USA,QGDP,TOT,PC_CHGPP,A,2005,3.483219368,
USA,QGDP,TOT,PC_CHGPP,A,2006,2.782811652,
USA,QGDP,TOT,PC_CHGPP,A,2007,2.010507907,
USA,QGDP,TOT,PC_CHGPP,A,2008,0.122188025,
USA,QGDP,TOT,PC_CHGPP,A,2009,-2.59988965,
USA,QGDP,TOT,PC_CHGPP,A,2010,2.70885827,
USA,QGDP,TOT,PC_CHGPP,A,2011,1.549895453,
USA,QGDP,TOT,PC_CHGPP,A,2012,2.280686056,
USA,QGDP,TOT,PC_CHGPP,A,2013,1.841873093,
USA,QGDP,TOT,PC_CHGPP,A,2014,2.287780463,
USA,QGDP,TOT,PC_CHGPP,A,2015,2.70636723,
USA,QGDP,TOT,PC_CHGPP,A,2016,1.667473127,
USA,QGDP,TOT,PC_CHGPP,A,2017,2.241920887,
USA,QGDP,TOT,PC_CHGPP,A,2018,2.945383718,
USA,QGDP,TOT,PC_CHGPP,A,2019,2.294439275,
USA,QGDP,TOT,PC_CHGPP,A,2020,-2.767955735,
USA,QGDP,TOT,PC_CHGPP,A,2021,5.946623325,
USA,QGDP,TOT,PC_CHGPP,A,2022,2.068186606,
IND,QGDP,TOT,PC_CHGPP,A,2000,5.692716,E
IND,QGDP,TOT,PC_CHGPP,A,2001,3.884911,E
IND,QGDP,TOT,PC_CHGPP,A,2002,4.558208,E
IND,QGDP,TOT,PC_CHGPP,A,2003,6.851801,E
IND,QGDP,TOT,PC_CHGPP,A,2004,7.897005,E
IND,QGDP,TOT,PC_CHGPP,A,2005,9.210891,E
IND,QGDP,TOT,PC_CHGPP,A,2006,9.392647,E
IND,QGDP,TOT,PC_CHGPP,A,2007,10.077711,E
IND,QGDP,TOT,PC_CHGPP,A,2008,6.186894,E
IND,QGDP,TOT,PC_CHGPP,A,2009,5.037699,E
IND,QGDP,TOT,PC_CHGPP,A,2010,10.997342,E
IND,QGDP,TOT,PC_CHGPP,A,2011,7.871777,E
IND,QGDP,TOT,PC_CHGPP,A,2012,4.92565,
IND,QGDP,TOT,PC_CHGPP,A,2013,6.125915,
IND,QGDP,TOT,PC_CHGPP,A,2014,6.96291,
IND,QGDP,TOT,PC_CHGPP,A,2015,7.480051,
IND,QGDP,TOT,PC_CHGPP,A,2016,9.002096,
IND,QGDP,TOT,PC_CHGPP,A,2017,6.09917,
IND,QGDP,TOT,PC_CHGPP,A,2018,7.27671,
IND,QGDP,TOT,PC_CHGPP,A,2019,4.59265,
IND,QGDP,TOT,PC_CHGPP,A,2020,-6.01143,
IND,QGDP,TOT,PC_CHGPP,A,2021,8.93384,
IND,QGDP,TOT,PC_CHGPP,A,2022,6.70701,
IRL,QGDP,TOT,PC_CHGPP,A,2000,9.403524375,
IRL,QGDP,TOT,PC_CHGPP,A,2001,5.305821819,
IRL,QGDP,TOT,PC_CHGPP,A,2002,5.899366516,
IRL,QGDP,TOT,PC_CHGPP,A,2003,3.014091666,
IRL,QGDP,TOT,PC_CHGPP,A,2004,6.788446997,
IRL,QGDP,TOT,PC_CHGPP,A,2005,5.73955238,
IRL,QGDP,TOT,PC_CHGPP,A,2006,4.987854669,
IRL,QGDP,TOT,PC_CHGPP,A,2007,5.310117001,
IRL,QGDP,TOT,PC_CHGPP,A,2008,-4.484069825,
IRL,QGDP,TOT,PC_CHGPP,A,2009,-5.095781697,
IRL,QGDP,TOT,PC_CHGPP,A,2010,1.682972204,
IRL,QGDP,TOT,PC_CHGPP,A,2011,0.833828031,
IRL,QGDP,TOT,PC_CHGPP,A,2012,-0.005541446,
IRL,QGDP,TOT,PC_CHGPP,A,2013,1.125690649,
IRL,QGDP,TOT,PC_CHGPP,A,2014,8.649351226,
IRL,QGDP,TOT,PC_CHGPP,A,2015,24.37044617,
IRL,QGDP,TOT,PC_CHGPP,A,2016,2.006654044,
IRL,QGDP,TOT,PC_CHGPP,A,2017,9.005342997,
IRL,QGDP,TOT,PC_CHGPP,A,2018,8.527540805,
IRL,QGDP,TOT,PC_CHGPP,A,2019,5.440936476,
IRL,QGDP,TOT,PC_CHGPP,A,2020,6.184537758,
IRL,QGDP,TOT,PC_CHGPP,A,2021,13.5882468,
IRL,QGDP,TOT,PC_CHGPP,A,2022,11.96964273,
LVA,QGDP,TOT,PC_CHGPP,A,2000,5.67573353,
LVA,QGDP,TOT,PC_CHGPP,A,2001,6.323522095,
LVA,QGDP,TOT,PC_CHGPP,A,2002,7.088121174,
LVA,QGDP,TOT,PC_CHGPP,A,2003,8.422861691,
LVA,QGDP,TOT,PC_CHGPP,A,2004,8.284139866,
LVA,QGDP,TOT,PC_CHGPP,A,2005,10.72036596,
LVA,QGDP,TOT,PC_CHGPP,A,2006,11.97183569,
LVA,QGDP,TOT,PC_CHGPP,A,2007,9.941921628,
LVA,QGDP,TOT,PC_CHGPP,A,2008,-3.249120723,
LVA,QGDP,TOT,PC_CHGPP,A,2009,-14.26014004,
LVA,QGDP,TOT,PC_CHGPP,A,2010,-4.455558039,
LVA,QGDP,TOT,PC_CHGPP,A,2011,2.57370729,
LVA,QGDP,TOT,PC_CHGPP,A,2012,7.042242125,
LVA,QGDP,TOT,PC_CHGPP,A,2013,2.007975668,
LVA,QGDP,TOT,PC_CHGPP,A,2014,1.902163904,
LVA,QGDP,TOT,PC_CHGPP,A,2015,3.885260054,
LVA,QGDP,TOT,PC_CHGPP,A,2016,2.368618816,
LVA,QGDP,TOT,PC_CHGPP,A,2017,3.312475804,
LVA,QGDP,TOT,PC_CHGPP,A,2018,3.991850503,
LVA,QGDP,TOT,PC_CHGPP,A,2019,2.569700187,
LVA,QGDP,TOT,PC_CHGPP,A,2020,-2.202985418,
LVA,QGDP,TOT,PC_CHGPP,A,2021,4.064019942,
LVA,QGDP,TOT,PC_CHGPP,A,2022,1.976185961,
ZAF,QGDP,TOT,PC_CHGPP,A,2000,4.200000006,
ZAF,QGDP,TOT,PC_CHGPP,A,2001,2.699999994,
ZAF,QGDP,TOT,PC_CHGPP,A,2002,3.700374406,
ZAF,QGDP,TOT,PC_CHGPP,A,2003,2.949075464,
ZAF,QGDP,TOT,PC_CHGPP,A,2004,4.55455991,
ZAF,QGDP,TOT,PC_CHGPP,A,2005,5.277051973,
ZAF,QGDP,TOT,PC_CHGPP,A,2006,5.603806115,
ZAF,QGDP,TOT,PC_CHGPP,A,2007,5.360473792,
ZAF,QGDP,TOT,PC_CHGPP,A,2008,3.191044627,
ZAF,QGDP,TOT,PC_CHGPP,A,2009,-1.538088961,
ZAF,QGDP,TOT,PC_CHGPP,A,2010,3.03973231,
ZAF,QGDP,TOT,PC_CHGPP,A,2011,3.168556279,
ZAF,QGDP,TOT,PC_CHGPP,A,2012,2.396232387,
ZAF,QGDP,TOT,PC_CHGPP,A,2013,2.485468003,
ZAF,QGDP,TOT,PC_CHGPP,A,2014,1.413826459,
ZAF,QGDP,TOT,PC_CHGPP,A,2015,1.321862223,
ZAF,QGDP,TOT,PC_CHGPP,A,2016,0.664552337,
ZAF,QGDP,TOT,PC_CHGPP,A,2017,1.157946943,
ZAF,QGDP,TOT,PC_CHGPP,A,2018,1.522329373,
ZAF,QGDP,TOT,PC_CHGPP,A,2019,0.303453216,
ZAF,QGDP,TOT,PC_CHGPP,A,2020,-6.342471122,
ZAF,QGDP,TOT,PC_CHGPP,A,2021,4.913096667,
ZAF,QGDP,TOT,PC_CHGPP,A,2022,2.042299366,
CZE,QGDP,TOT,PC_CHGPP,A,2000,4.001028635,
CZE,QGDP,TOT,PC_CHGPP,A,2001,3.042976563,
CZE,QGDP,TOT,PC_CHGPP,A,2002,1.569855328,
CZE,QGDP,TOT,PC_CHGPP,A,2003,3.583688459,
CZE,QGDP,TOT,PC_CHGPP,A,2004,4.814261001,
CZE,QGDP,TOT,PC_CHGPP,A,2005,6.60161753,
CZE,QGDP,TOT,PC_CHGPP,A,2006,6.766932681,
CZE,QGDP,TOT,PC_CHGPP,A,2007,5.570338859,
CZE,QGDP,TOT,PC_CHGPP,A,2008,2.686411951,
CZE,QGDP,TOT,PC_CHGPP,A,2009,-4.657331092,
CZE,QGDP,TOT,PC_CHGPP,A,2010,2.434902159,
CZE,QGDP,TOT,PC_CHGPP,A,2011,1.760359624,
CZE,QGDP,TOT,PC_CHGPP,A,2012,-0.785004299,
CZE,QGDP,TOT,PC_CHGPP,A,2013,-0.045903674,
CZE,QGDP,TOT,PC_CHGPP,A,2014,2.262102897,
CZE,QGDP,TOT,PC_CHGPP,A,2015,5.388380838,
CZE,QGDP,TOT,PC_CHGPP,A,2016,2.53728452,
CZE,QGDP,TOT,PC_CHGPP,A,2017,5.168724304,
CZE,QGDP,TOT,PC_CHGPP,A,2018,3.22008807,
CZE,QGDP,TOT,PC_CHGPP,A,2019,3.029878663,
CZE,QGDP,TOT,PC_CHGPP,A,2020,-5.502967961,
CZE,QGDP,TOT,PC_CHGPP,A,2021,3.552722062,
CZE,QGDP,TOT,PC_CHGPP,A,2022,2.441923593,
DEU,QGDP,TOT,PC_CHGPP,A,2000,2.903186555,
DEU,QGDP,TOT,PC_CHGPP,A,2001,1.687438351,
DEU,QGDP,TOT,PC_CHGPP,A,2002,-0.200879192,
DEU,QGDP,TOT,PC_CHGPP,A,2003,-0.703033283,
DEU,QGDP,TOT,PC_CHGPP,A,2004,1.183935935,
DEU,QGDP,TOT,PC_CHGPP,A,2005,0.725858156,
DEU,QGDP,TOT,PC_CHGPP,A,2006,3.813558799,
DEU,QGDP,TOT,PC_CHGPP,A,2007,2.982091061,
DEU,QGDP,TOT,PC_CHGPP,A,2008,0.959853255,
DEU,QGDP,TOT,PC_CHGPP,A,2009,-5.696354358,
DEU,QGDP,TOT,PC_CHGPP,A,2010,4.185545569,
DEU,QGDP,TOT,PC_CHGPP,A,2011,3.914107461,
DEU,QGDP,TOT,PC_CHGPP,A,2012,0.426366606,
DEU,QGDP,TOT,PC_CHGPP,A,2013,0.432370587,
DEU,QGDP,TOT,PC_CHGPP,A,2014,2.217380896,
DEU,QGDP,TOT,PC_CHGPP,A,2015,1.486781784,
DEU,QGDP,TOT,PC_CHGPP,A,2016,2.22999986,
DEU,QGDP,TOT,PC_CHGPP,A,2017,2.680231105,
DEU,QGDP,TOT,PC_CHGPP,A,2018,0.983613779,
DEU,QGDP,TOT,PC_CHGPP,A,2019,1.054220686,P
DEU,QGDP,TOT,PC_CHGPP,A,2020,-3.692121012,P
DEU,QGDP,TOT,PC_CHGPP,A,2021,2.624436468,P
DEU,QGDP,TOT,PC_CHGPP,A,2022,1.778082486,P
POL,QGDP,TOT,PC_CHGPP,A,2000,4.560918972,
POL,QGDP,TOT,PC_CHGPP,A,2001,1.258492739,
POL,QGDP,TOT,PC_CHGPP,A,2002,2.035825364,
POL,QGDP,TOT,PC_CHGPP,A,2003,3.498419268,
POL,QGDP,TOT,PC_CHGPP,A,2004,4.982799983,
POL,QGDP,TOT,PC_CHGPP,A,2005,3.506743281,
POL,QGDP,TOT,PC_CHGPP,A,2006,6.131103304,
POL,QGDP,TOT,PC_CHGPP,A,2007,7.06149951,
POL,QGDP,TOT,PC_CHGPP,A,2008,4.199960469,
POL,QGDP,TOT,PC_CHGPP,A,2009,2.832258512,
POL,QGDP,TOT,PC_CHGPP,A,2010,2.934708835,
POL,QGDP,TOT,PC_CHGPP,A,2011,5.042126317,
POL,QGDP,TOT,PC_CHGPP,A,2012,1.54525434,
POL,QGDP,TOT,PC_CHGPP,A,2013,0.856588253,
POL,QGDP,TOT,PC_CHGPP,A,2014,3.83700902,
POL,QGDP,TOT,PC_CHGPP,A,2015,4.383287536,
POL,QGDP,TOT,PC_CHGPP,A,2016,2.953526179,
POL,QGDP,TOT,PC_CHGPP,A,2017,5.139996249,
POL,QGDP,TOT,PC_CHGPP,A,2018,5.94518432,
POL,QGDP,TOT,PC_CHGPP,A,2019,4.450004582,
POL,QGDP,TOT,PC_CHGPP,A,2020,-2.020113167,
POL,QGDP,TOT,PC_CHGPP,A,2021,6.84778488,
POL,QGDP,TOT,PC_CHGPP,A,2022,4.922383337,E
CHE,QGDP,TOT,PC_CHGPP,A,2000,3.958719851,
CHE,QGDP,TOT,PC_CHGPP,A,2001,1.575661985,
CHE,QGDP,TOT,PC_CHGPP,A,2002,-0.073217203,
CHE,QGDP,TOT,PC_CHGPP,A,2003,-0.03239846,
CHE,QGDP,TOT,PC_CHGPP,A,2004,2.701709179,
CHE,QGDP,TOT,PC_CHGPP,A,2005,2.749699106,
CHE,QGDP,TOT,PC_CHGPP,A,2006,4.073628484,
CHE,QGDP,TOT,PC_CHGPP,A,2007,3.916375652,
CHE,QGDP,TOT,PC_CHGPP,A,2008,2.807983703,
CHE,QGDP,TOT,PC_CHGPP,A,2009,-2.297374595,
CHE,QGDP,TOT,PC_CHGPP,A,2010,3.243397242,
CHE,QGDP,TOT,PC_CHGPP,A,2011,1.813108293,
CHE,QGDP,TOT,PC_CHGPP,A,2012,1.179253729,
CHE,QGDP,TOT,PC_CHGPP,A,2013,1.792144134,
CHE,QGDP,TOT,PC_CHGPP,A,2014,2.349881292,
CHE,QGDP,TOT,PC_CHGPP,A,2015,1.64462762,
CHE,QGDP,TOT,PC_CHGPP,A,2016,2.068689677,
CHE,QGDP,TOT,PC_CHGPP,A,2017,1.362799646,
CHE,QGDP,TOT,PC_CHGPP,A,2018,2.860445751,
CHE,QGDP,TOT,PC_CHGPP,A,2019,1.141982248,
CHE,QGDP,TOT,PC_CHGPP,A,2020,-2.37556323,
CHE,QGDP,TOT,PC_CHGPP,A,2021,4.221716561,
CHE,QGDP,TOT,PC_CHGPP,A,2022,2.059232502,
NLD,QGDP,TOT,PC_CHGPP,A,2000,4.199320479,
NLD,QGDP,TOT,PC_CHGPP,A,2001,2.327949597,
NLD,QGDP,TOT,PC_CHGPP,A,2002,0.216832428,
NLD,QGDP,TOT,PC_CHGPP,A,2003,0.157370835,
NLD,QGDP,TOT,PC_CHGPP,A,2004,1.983026748,
NLD,QGDP,TOT,PC_CHGPP,A,2005,2.046850215,
NLD,QGDP,TOT,PC_CHGPP,A,2006,3.461742971,
NLD,QGDP,TOT,PC_CHGPP,A,2007,3.772020443,
NLD,QGDP,TOT,PC_CHGPP,A,2008,2.171887323,
NLD,QGDP,TOT,PC_CHGPP,A,2009,-3.667206604,
NLD,QGDP,TOT,PC_CHGPP,A,2010,1.3409776,
NLD,QGDP,TOT,PC_CHGPP,A,2011,1.549663218,
NLD,QGDP,TOT,PC_CHGPP,A,2012,-1.031171307,
NLD,QGDP,TOT,PC_CHGPP,A,2013,-0.126992858,
NLD,QGDP,TOT,PC_CHGPP,A,2014,1.424084034,
NLD,QGDP,TOT,PC_CHGPP,A,2015,1.958275892,
NLD,QGDP,TOT,PC_CHGPP,A,2016,2.191714,
NLD,QGDP,TOT,PC_CHGPP,A,2017,2.910989684,
NLD,QGDP,TOT,PC_CHGPP,A,2018,2.360717729,
NLD,QGDP,TOT,PC_CHGPP,A,2019,1.955694414,
NLD,QGDP,TOT,PC_CHGPP,A,2020,-3.884818142,P
NLD,QGDP,TOT,PC_CHGPP,A,2021,4.863552785,P
NLD,QGDP,TOT,PC_CHGPP,A,2022,4.475570606,P
MEX,QGDP,TOT,PC_CHGPP,A,2000,4.942453694,
MEX,QGDP,TOT,PC_CHGPP,A,2001,-0.404390111,
MEX,QGDP,TOT,PC_CHGPP,A,2002,-0.039844485,
MEX,QGDP,TOT,PC_CHGPP,A,2003,1.446382699,
MEX,QGDP,TOT,PC_CHGPP,A,2004,3.920590802,
MEX,QGDP,TOT,PC_CHGPP,A,2005,2.307807062,
MEX,QGDP,TOT,PC_CHGPP,A,2006,4.495077898,
MEX,QGDP,TOT,PC_CHGPP,A,2007,2.291445728,
MEX,QGDP,TOT,PC_CHGPP,A,2008,1.14358458,
MEX,QGDP,TOT,PC_CHGPP,A,2009,-5.285744156,
MEX,QGDP,TOT,PC_CHGPP,A,2010,5.118118147,
MEX,QGDP,TOT,PC_CHGPP,A,2011,3.66300793,
MEX,QGDP,TOT,PC_CHGPP,A,2012,3.642322664,
MEX,QGDP,TOT,PC_CHGPP,A,2013,1.354091996,
MEX,QGDP,TOT,PC_CHGPP,A,2014,2.849773245,
MEX,QGDP,TOT,PC_CHGPP,A,2015,3.293151534,
MEX,QGDP,TOT,PC_CHGPP,A,2016,2.630532421,
MEX,QGDP,TOT,PC_CHGPP,A,2017,2.113129118,
MEX,QGDP,TOT,PC_CHGPP,A,2018,2.194994739,
MEX,QGDP,TOT,PC_CHGPP,A,2019,-0.199047786,P
MEX,QGDP,TOT,PC_CHGPP,A,2020,-7.98791233,P
MEX,QGDP,TOT,PC_CHGPP,A,2021,4.720565286,P
MEX,QGDP,TOT,PC_CHGPP,A,2022,3.062380196,P
ISR,QGDP,TOT,PC_CHGPP,A,2000,8.771587246,
ISR,QGDP,TOT,PC_CHGPP,A,2001,0.112946312,
ISR,QGDP,TOT,PC_CHGPP,A,2002,-0.076636179,
ISR,QGDP,TOT,PC_CHGPP,A,2003,1.285691852,
ISR,QGDP,TOT,PC_CHGPP,A,2004,4.743227545,
ISR,QGDP,TOT,PC_CHGPP,A,2005,4.402231697,
ISR,QGDP,TOT,PC_CHGPP,A,2006,5.396662477,
ISR,QGDP,TOT,PC_CHGPP,A,2007,6.067212668,
ISR,QGDP,TOT,PC_CHGPP,A,2008,3.289330749,
ISR,QGDP,TOT,PC_CHGPP,A,2009,0.752135441,
ISR,QGDP,TOT,PC_CHGPP,A,2010,5.662519512,
ISR,QGDP,TOT,PC_CHGPP,A,2011,5.673287762,
ISR,QGDP,TOT,PC_CHGPP,A,2012,2.589792628,
ISR,QGDP,TOT,PC_CHGPP,A,2013,4.491678894,
ISR,QGDP,TOT,PC_CHGPP,A,2014,4.171771702,
ISR,QGDP,TOT,PC_CHGPP,A,2015,2.214306458,
ISR,QGDP,TOT,PC_CHGPP,A,2016,4.521665298,
ISR,QGDP,TOT,PC_CHGPP,A,2017,4.368317476,
ISR,QGDP,TOT,PC_CHGPP,A,2018,4.177550625,
ISR,QGDP,TOT,PC_CHGPP,A,2019,4.123368087,
ISR,QGDP,TOT,PC_CHGPP,A,2020,-1.77538501,
ISR,QGDP,TOT,PC_CHGPP,A,2021,8.538596026,
ISR,QGDP,TOT,PC_CHGPP,A,2022,6.38446154,
SAU,QGDP,TOT,PC_CHGPP,A,2011,10.99376163,
SAU,QGDP,TOT,PC_CHGPP,A,2012,5.427394269,
SAU,QGDP,TOT,PC_CHGPP,A,2013,2.850342993,
SAU,QGDP,TOT,PC_CHGPP,A,2014,4.027651216,
SAU,QGDP,TOT,PC_CHGPP,A,2015,4.690145073,
SAU,QGDP,TOT,PC_CHGPP,A,2016,2.36307458,
SAU,QGDP,TOT,PC_CHGPP,A,2017,-0.069698018,
SAU,QGDP,TOT,PC_CHGPP,A,2018,2.762243736,
SAU,QGDP,TOT,PC_CHGPP,A,2019,0.832280327,
SAU,QGDP,TOT,PC_CHGPP,A,2020,-4.341387675,
SAU,QGDP,TOT,PC_CHGPP,A,2021,3.921724115,
SAU,QGDP,TOT,PC_CHGPP,A,2022,8.74415363,
ISL,QGDP,TOT,PC_CHGPP,A,2000,4.985042762,
ISL,QGDP,TOT,PC_CHGPP,A,2001,4.013497571,
ISL,QGDP,TOT,PC_CHGPP,A,2002,0.559519074,
ISL,QGDP,TOT,PC_CHGPP,A,2003,2.142688389,
ISL,QGDP,TOT,PC_CHGPP,A,2004,7.802399469,
ISL,QGDP,TOT,PC_CHGPP,A,2005,6.124439011,
ISL,QGDP,TOT,PC_CHGPP,A,2006,6.316993053,
ISL,QGDP,TOT,PC_CHGPP,A,2007,8.454860115,
ISL,QGDP,TOT,PC_CHGPP,A,2008,2.209496394,
ISL,QGDP,TOT,PC_CHGPP,A,2009,-7.663809528,
ISL,QGDP,TOT,PC_CHGPP,A,2010,-2.832774929,
ISL,QGDP,TOT,PC_CHGPP,A,2011,1.845779178,
ISL,QGDP,TOT,PC_CHGPP,A,2012,1.063636568,
ISL,QGDP,TOT,PC_CHGPP,A,2013,4.552460316,
ISL,QGDP,TOT,PC_CHGPP,A,2014,1.687215021,
ISL,QGDP,TOT,PC_CHGPP,A,2015,4.436663729,
ISL,QGDP,TOT,PC_CHGPP,A,2016,6.303687125,
ISL,QGDP,TOT,PC_CHGPP,A,2017,4.19494881,
ISL,QGDP,TOT,PC_CHGPP,A,2018,4.889173006,
ISL,QGDP,TOT,PC_CHGPP,A,2019,1.805161031,
ISL,QGDP,TOT,PC_CHGPP,A,2020,-7.241872042,
ISL,QGDP,TOT,PC_CHGPP,A,2021,4.333402029,
ISL,QGDP,TOT,PC_CHGPP,A,2022,6.444566343,
SWE,QGDP,TOT,PC_CHGPP,A,2000,4.766359931,
SWE,QGDP,TOT,PC_CHGPP,A,2001,1.449487701,
SWE,QGDP,TOT,PC_CHGPP,A,2002,2.196924552,
SWE,QGDP,TOT,PC_CHGPP,A,2003,2.309836631,
SWE,QGDP,TOT,PC_CHGPP,A,2004,4.336858875,
SWE,QGDP,TOT,PC_CHGPP,A,2005,2.858821065,
SWE,QGDP,TOT,PC_CHGPP,A,2006,4.662770882,
SWE,QGDP,TOT,PC_CHGPP,A,2007,3.439210544,
SWE,QGDP,TOT,PC_CHGPP,A,2008,-0.45057398,
SWE,QGDP,TOT,PC_CHGPP,A,2009,-4.339791829,
SWE,QGDP,TOT,PC_CHGPP,A,2010,5.952115175,
SWE,QGDP,TOT,PC_CHGPP,A,2011,3.195335152,
SWE,QGDP,TOT,PC_CHGPP,A,2012,-0.588285112,
SWE,QGDP,TOT,PC_CHGPP,A,2013,1.187770028,
SWE,QGDP,TOT,PC_CHGPP,A,2014,2.657796179,
SWE,QGDP,TOT,PC_CHGPP,A,2015,4.48929074,
SWE,QGDP,TOT,PC_CHGPP,A,2016,2.070601733,
SWE,QGDP,TOT,PC_CHGPP,A,2017,2.567934446,
SWE,QGDP,TOT,PC_CHGPP,A,2018,1.950018605,
SWE,QGDP,TOT,PC_CHGPP,A,2019,1.986199,
SWE,QGDP,TOT,PC_CHGPP,A,2020,-2.170229449,
SWE,QGDP,TOT,PC_CHGPP,A,2021,5.385848879,
SWE,QGDP,TOT,PC_CHGPP,A,2022,2.642217926,
CHN,QGDP,TOT,PC_CHGPP,A,2000,8.5,
CHN,QGDP,TOT,PC_CHGPP,A,2001,8.3,
CHN,QGDP,TOT,PC_CHGPP,A,2002,9.1,
CHN,QGDP,TOT,PC_CHGPP,A,2003,10,
CHN,QGDP,TOT,PC_CHGPP,A,2004,10.1,
CHN,QGDP,TOT,PC_CHGPP,A,2005,11.4,
CHN,QGDP,TOT,PC_CHGPP,A,2006,12.7,
CHN,QGDP,TOT,PC_CHGPP,A,2007,14.2,
CHN,QGDP,TOT,PC_CHGPP,A,2008,9.7,
CHN,QGDP,TOT,PC_CHGPP,A,2009,9.4,
CHN,QGDP,TOT,PC_CHGPP,A,2010,10.6,
CHN,QGDP,TOT,PC_CHGPP,A,2011,9.6,
CHN,QGDP,TOT,PC_CHGPP,A,2012,7.9,
CHN,QGDP,TOT,PC_CHGPP,A,2013,7.8,
CHN,QGDP,TOT,PC_CHGPP,A,2014,7.4,
CHN,QGDP,TOT,PC_CHGPP,A,2015,7,
CHN,QGDP,TOT,PC_CHGPP,A,2016,6.8,
CHN,QGDP,TOT,PC_CHGPP,A,2017,6.9,
CHN,QGDP,TOT,PC_CHGPP,A,2018,6.7,
CHN,QGDP,TOT,PC_CHGPP,A,2019,6,
CHN,QGDP,TOT,PC_CHGPP,A,2020,2.2,
CHN,QGDP,TOT,PC_CHGPP,A,2021,8.1,
CHN,QGDP,TOT,PC_CHGPP,A,2022,3,
CAN,QGDP,TOT,PC_CHGPP,A,2000,5.177636,
CAN,QGDP,TOT,PC_CHGPP,A,2001,1.789973,
CAN,QGDP,TOT,PC_CHGPP,A,2002,3.018051,
CAN,QGDP,TOT,PC_CHGPP,A,2003,1.801518,
CAN,QGDP,TOT,PC_CHGPP,A,2004,3.086981,
CAN,QGDP,TOT,PC_CHGPP,A,2005,3.2042,
CAN,QGDP,TOT,PC_CHGPP,A,2006,2.634304,
CAN,QGDP,TOT,PC_CHGPP,A,2007,2.071825,
CAN,QGDP,TOT,PC_CHGPP,A,2008,1.004289,
CAN,QGDP,TOT,PC_CHGPP,A,2009,-2.925956,
CAN,QGDP,TOT,PC_CHGPP,A,2010,3.089919,
CAN,QGDP,TOT,PC_CHGPP,A,2011,3.1461,
CAN,QGDP,TOT,PC_CHGPP,A,2012,1.760962,
CAN,QGDP,TOT,PC_CHGPP,A,2013,2.329123,
CAN,QGDP,TOT,PC_CHGPP,A,2014,2.870036,
CAN,QGDP,TOT,PC_CHGPP,A,2015,0.659177,
CAN,QGDP,TOT,PC_CHGPP,A,2016,1.001394,
CAN,QGDP,TOT,PC_CHGPP,A,2017,3.039880194,
CAN,QGDP,TOT,PC_CHGPP,A,2018,2.777040574,
CAN,QGDP,TOT,PC_CHGPP,A,2019,1.888223568,
CAN,QGDP,TOT,PC_CHGPP,A,2020,-5.074357536,
CAN,QGDP,TOT,PC_CHGPP,A,2021,5.011800879,
CAN,QGDP,TOT,PC_CHGPP,A,2022,3.396202239,
FRA,QGDP,TOT,PC_CHGPP,A,2000,3.923575793,
FRA,QGDP,TOT,PC_CHGPP,A,2001,1.983787851,
FRA,QGDP,TOT,PC_CHGPP,A,2002,1.135563383,
FRA,QGDP,TOT,PC_CHGPP,A,2003,0.823287844,
FRA,QGDP,TOT,PC_CHGPP,A,2004,2.829879375,
FRA,QGDP,TOT,PC_CHGPP,A,2005,1.663219925,
FRA,QGDP,TOT,PC_CHGPP,A,2006,2.449371422,
FRA,QGDP,TOT,PC_CHGPP,A,2007,2.424776756,
FRA,QGDP,TOT,PC_CHGPP,A,2008,0.254839183,
FRA,QGDP,TOT,PC_CHGPP,A,2009,-2.873281476,
FRA,QGDP,TOT,PC_CHGPP,A,2010,1.949105489,
FRA,QGDP,TOT,PC_CHGPP,A,2011,2.192657072,
FRA,QGDP,TOT,PC_CHGPP,A,2012,0.313333874,
FRA,QGDP,TOT,PC_CHGPP,A,2013,0.576250211,
FRA,QGDP,TOT,PC_CHGPP,A,2014,0.95613532,
FRA,QGDP,TOT,PC_CHGPP,A,2015,1.112935238,
FRA,QGDP,TOT,PC_CHGPP,A,2016,1.095482192,
FRA,QGDP,TOT,PC_CHGPP,A,2017,2.291409215,
FRA,QGDP,TOT,PC_CHGPP,A,2018,1.865060479,
FRA,QGDP,TOT,PC_CHGPP,A,2019,1.842940197,
FRA,QGDP,TOT,PC_CHGPP,A,2020,-7.784648809,
FRA,QGDP,TOT,PC_CHGPP,A,2021,6.816280414,
FRA,QGDP,TOT,PC_CHGPP,A,2022,2.56275902,
RUS,QGDP,TOT,PC_CHGPP,A,2004,7.175949193,E
RUS,QGDP,TOT,PC_CHGPP,A,2005,6.376187027,E
RUS,QGDP,TOT,PC_CHGPP,A,2006,8.153431973,E
RUS,QGDP,TOT,PC_CHGPP,A,2007,8.535080209,E
RUS,QGDP,TOT,PC_CHGPP,A,2008,5.247953532,E
RUS,QGDP,TOT,PC_CHGPP,A,2009,-7.820885026,E
RUS,QGDP,TOT,PC_CHGPP,A,2010,4.503725625,E
RUS,QGDP,TOT,PC_CHGPP,A,2011,4.264176565,
RUS,QGDP,TOT,PC_CHGPP,A,2012,4.024086315,
RUS,QGDP,TOT,PC_CHGPP,A,2013,1.755422064,
RUS,QGDP,TOT,PC_CHGPP,A,2014,0.736267283,
RUS,QGDP,TOT,PC_CHGPP,A,2015,-1.972719253,
RUS,QGDP,TOT,PC_CHGPP,A,2016,0.193671101,
RUS,QGDP,TOT,PC_CHGPP,A,2017,1.825809276,
RUS,QGDP,TOT,PC_CHGPP,A,2018,2.807245455,
RUS,QGDP,TOT,PC_CHGPP,A,2019,2.032982588,
RUS,QGDP,TOT,PC_CHGPP,A,2020,-2.951273678,
BRA,QGDP,TOT,PC_CHGPP,A,2000,4.38794943,
BRA,QGDP,TOT,PC_CHGPP,A,2001,1.389896397,
BRA,QGDP,TOT,PC_CHGPP,A,2002,3.053461875,
BRA,QGDP,TOT,PC_CHGPP,A,2003,1.140828991,
BRA,QGDP,TOT,PC_CHGPP,A,2004,5.759964641,
BRA,QGDP,TOT,PC_CHGPP,A,2005,3.20213525,
BRA,QGDP,TOT,PC_CHGPP,A,2006,3.961988691,
BRA,QGDP,TOT,PC_CHGPP,A,2007,6.069870598,
BRA,QGDP,TOT,PC_CHGPP,A,2008,5.094195465,
BRA,QGDP,TOT,PC_CHGPP,A,2009,-0.125811998,
BRA,QGDP,TOT,PC_CHGPP,A,2010,7.528225826,
BRA,QGDP,TOT,PC_CHGPP,A,2011,3.974423071,
BRA,QGDP,TOT,PC_CHGPP,A,2012,1.921175986,
BRA,QGDP,TOT,PC_CHGPP,A,2013,3.004822667,
BRA,QGDP,TOT,PC_CHGPP,A,2014,0.503955748,
BRA,QGDP,TOT,PC_CHGPP,A,2015,-3.5457634,
BRA,QGDP,TOT,PC_CHGPP,A,2016,-3.275916902,
BRA,QGDP,TOT,PC_CHGPP,A,2017,1.32286906,
BRA,QGDP,TOT,PC_CHGPP,A,2018,1.783666749,
BRA,QGDP,TOT,PC_CHGPP,A,2019,1.22077783,
BRA,QGDP,TOT,PC_CHGPP,A,2020,-3.2767588,
BRA,QGDP,TOT,PC_CHGPP,A,2021,4.988849717,
BRA,QGDP,TOT,PC_CHGPP,A,2022,2.90053061,
LUX,QGDP,TOT,PC_CHGPP,A,2000,6.938177898,
LUX,QGDP,TOT,PC_CHGPP,A,2001,3.074357312,
LUX,QGDP,TOT,PC_CHGPP,A,2002,3.22530563,
LUX,QGDP,TOT,PC_CHGPP,A,2003,2.619250164,
LUX,QGDP,TOT,PC_CHGPP,A,2004,4.230674185,
LUX,QGDP,TOT,PC_CHGPP,A,2005,2.482509463,
LUX,QGDP,TOT,PC_CHGPP,A,2006,6.0166072,
LUX,QGDP,TOT,PC_CHGPP,A,2007,8.098549007,
LUX,QGDP,TOT,PC_CHGPP,A,2008,-0.302277478,
LUX,QGDP,TOT,PC_CHGPP,A,2009,-3.23897525,
LUX,QGDP,TOT,PC_CHGPP,A,2010,3.760406697,
LUX,QGDP,TOT,PC_CHGPP,A,2011,1.044284071,
LUX,QGDP,TOT,PC_CHGPP,A,2012,1.649712895,
LUX,QGDP,TOT,PC_CHGPP,A,2013,3.171683729,
LUX,QGDP,TOT,PC_CHGPP,A,2014,2.623088301,
LUX,QGDP,TOT,PC_CHGPP,A,2015,2.26836161,
LUX,QGDP,TOT,PC_CHGPP,A,2016,4.977870882,
LUX,QGDP,TOT,PC_CHGPP,A,2017,1.31711562,
LUX,QGDP,TOT,PC_CHGPP,A,2018,1.21897383,
LUX,QGDP,TOT,PC_CHGPP,A,2019,2.320508007,
LUX,QGDP,TOT,PC_CHGPP,A,2020,-0.797560166,
LUX,QGDP,TOT,PC_CHGPP,A,2021,5.102428973,
PRT,QGDP,TOT,PC_CHGPP,A,2000,3.816177881,
PRT,QGDP,TOT,PC_CHGPP,A,2001,1.943672465,
PRT,QGDP,TOT,PC_CHGPP,A,2002,0.770924127,
PRT,QGDP,TOT,PC_CHGPP,A,2003,-0.930521132,
PRT,QGDP,TOT,PC_CHGPP,A,2004,1.788735753,
PRT,QGDP,TOT,PC_CHGPP,A,2005,0.781848115,
PRT,QGDP,TOT,PC_CHGPP,A,2006,1.625033855,
PRT,QGDP,TOT,PC_CHGPP,A,2007,2.506579954,
PRT,QGDP,TOT,PC_CHGPP,A,2008,0.319248061,
PRT,QGDP,TOT,PC_CHGPP,A,2009,-3.122079602,
PRT,QGDP,TOT,PC_CHGPP,A,2010,1.737625277,
PRT,QGDP,TOT,PC_CHGPP,A,2011,-1.696164672,
PRT,QGDP,TOT,PC_CHGPP,A,2012,-4.057293844,
PRT,QGDP,TOT,PC_CHGPP,A,2013,-0.922644299,
PRT,QGDP,TOT,PC_CHGPP,A,2014,0.792189938,
PRT,QGDP,TOT,PC_CHGPP,A,2015,1.79204631,
PRT,QGDP,TOT,PC_CHGPP,A,2016,2.01948567,
PRT,QGDP,TOT,PC_CHGPP,A,2017,3.506344912,
PRT,QGDP,TOT,PC_CHGPP,A,2018,2.849325785,
PRT,QGDP,TOT,PC_CHGPP,A,2019,2.682760808,
PRT,QGDP,TOT,PC_CHGPP,A,2020,-8.300516889,
PRT,QGDP,TOT,PC_CHGPP,A,2021,5.50275827,P
PRT,QGDP,TOT,PC_CHGPP,A,2022,6.726053703,P
ITA,QGDP,TOT,PC_CHGPP,A,2000,3.786828333,
ITA,QGDP,TOT,PC_CHGPP,A,2001,1.951323577,
ITA,QGDP,TOT,PC_CHGPP,A,2002,0.253869902,
ITA,QGDP,TOT,PC_CHGPP,A,2003,0.138596324,
ITA,QGDP,TOT,PC_CHGPP,A,2004,1.423530307,
ITA,QGDP,TOT,PC_CHGPP,A,2005,0.817791014,
ITA,QGDP,TOT,PC_CHGPP,A,2006,1.790628139,
ITA,QGDP,TOT,PC_CHGPP,A,2007,1.486978759,
ITA,QGDP,TOT,PC_CHGPP,A,2008,-0.962074492,
ITA,QGDP,TOT,PC_CHGPP,A,2009,-5.280973833,
ITA,QGDP,TOT,PC_CHGPP,A,2010,1.713252679,
ITA,QGDP,TOT,PC_CHGPP,A,2011,0.7072488,
ITA,QGDP,TOT,PC_CHGPP,A,2012,-2.980966006,
ITA,QGDP,TOT,PC_CHGPP,A,2013,-1.841246075,
ITA,QGDP,TOT,PC_CHGPP,A,2014,-0.004553627,
ITA,QGDP,TOT,PC_CHGPP,A,2015,0.778242997,
ITA,QGDP,TOT,PC_CHGPP,A,2016,1.293408363,
ITA,QGDP,TOT,PC_CHGPP,A,2017,1.667848009,
ITA,QGDP,TOT,PC_CHGPP,A,2018,0.925770476,
ITA,QGDP,TOT,PC_CHGPP,A,2019,0.483210447,
ITA,QGDP,TOT,PC_CHGPP,A,2020,-8.979117055,
ITA,QGDP,TOT,PC_CHGPP,A,2021,6.986517993,
ITA,QGDP,TOT,PC_CHGPP,A,2022,3.67486114,
CHL,QGDP,TOT,PC_CHGPP,A,2000,4.971621488,
CHL,QGDP,TOT,PC_CHGPP,A,2001,3.154034925,
CHL,QGDP,TOT,PC_CHGPP,A,2002,3.202799135,
CHL,QGDP,TOT,PC_CHGPP,A,2003,4.723245269,
CHL,QGDP,TOT,PC_CHGPP,A,2004,6.674254168,
CHL,QGDP,TOT,PC_CHGPP,A,2005,5.837045719,
CHL,QGDP,TOT,PC_CHGPP,A,2006,6.049990826,
CHL,QGDP,TOT,PC_CHGPP,A,2007,5.168230985,
CHL,QGDP,TOT,PC_CHGPP,A,2008,3.789392806,
CHL,QGDP,TOT,PC_CHGPP,A,2009,-1.118037236,
CHL,QGDP,TOT,PC_CHGPP,A,2010,5.851651022,
CHL,QGDP,TOT,PC_CHGPP,A,2011,6.223896785,
CHL,QGDP,TOT,PC_CHGPP,A,2012,6.155340019,
CHL,QGDP,TOT,PC_CHGPP,A,2013,3.308508247,
CHL,QGDP,TOT,PC_CHGPP,A,2014,1.792649471,
CHL,QGDP,TOT,PC_CHGPP,A,2015,2.1519425,
CHL,QGDP,TOT,PC_CHGPP,A,2016,1.753038749,
CHL,QGDP,TOT,PC_CHGPP,A,2017,1.357695373,
CHL,QGDP,TOT,PC_CHGPP,A,2018,3.990029478,
CHL,QGDP,TOT,PC_CHGPP,A,2019,0.770539584,
CHL,QGDP,TOT,PC_CHGPP,A,2020,-5.978224062,
CHL,QGDP,TOT,PC_CHGPP,A,2021,11.6682247,
COL,QGDP,TOT,PC_CHGPP,A,2006,6.716868678,
COL,QGDP,TOT,PC_CHGPP,A,2007,6.738194691,
COL,QGDP,TOT,PC_CHGPP,A,2008,3.283446186,
COL,QGDP,TOT,PC_CHGPP,A,2009,1.139648629,
COL,QGDP,TOT,PC_CHGPP,A,2010,4.494658988,
COL,QGDP,TOT,PC_CHGPP,A,2011,6.947891982,
COL,QGDP,TOT,PC_CHGPP,A,2012,3.912635753,
COL,QGDP,TOT,PC_CHGPP,A,2013,5.133993549,
COL,QGDP,TOT,PC_CHGPP,A,2014,4.499029987,
COL,QGDP,TOT,PC_CHGPP,A,2015,2.955901375,
COL,QGDP,TOT,PC_CHGPP,A,2016,2.087382502,
COL,QGDP,TOT,PC_CHGPP,A,2017,1.359360868,
COL,QGDP,TOT,PC_CHGPP,A,2018,2.564324295,
COL,QGDP,TOT,PC_CHGPP,A,2019,3.186855392,
COL,QGDP,TOT,PC_CHGPP,A,2020,-7.252299074,
COL,QGDP,TOT,PC_CHGPP,A,2021,11.01619325,
COL,QGDP,TOT,PC_CHGPP,A,2022,7.495775785,
LTU,QGDP,TOT,PC_CHGPP,A,2000,3.695525582,
LTU,QGDP,TOT,PC_CHGPP,A,2001,6.526105088,
LTU,QGDP,TOT,PC_CHGPP,A,2002,6.751418554,
LTU,QGDP,TOT,PC_CHGPP,A,2003,10.5659537,
LTU,QGDP,TOT,PC_CHGPP,A,2004,6.569493014,
LTU,QGDP,TOT,PC_CHGPP,A,2005,7.73236767,
LTU,QGDP,TOT,PC_CHGPP,A,2006,7.41411874,
LTU,QGDP,TOT,PC_CHGPP,A,2007,11.10748239,
LTU,QGDP,TOT,PC_CHGPP,A,2008,2.614423396,
LTU,QGDP,TOT,PC_CHGPP,A,2009,-14.83861071,
LTU,QGDP,TOT,PC_CHGPP,A,2010,1.651240678,
LTU,QGDP,TOT,PC_CHGPP,A,2011,6.039010452,
LTU,QGDP,TOT,PC_CHGPP,A,2012,3.843864464,
LTU,QGDP,TOT,PC_CHGPP,A,2013,3.550071205,
LTU,QGDP,TOT,PC_CHGPP,A,2014,3.537012092,
LTU,QGDP,TOT,PC_CHGPP,A,2015,2.024583697,
LTU,QGDP,TOT,PC_CHGPP,A,2016,2.518826498,
LTU,QGDP,TOT,PC_CHGPP,A,2017,4.282598332,
LTU,QGDP,TOT,PC_CHGPP,A,2018,3.99331028,
LTU,QGDP,TOT,PC_CHGPP,A,2019,4.625101783,
LTU,QGDP,TOT,PC_CHGPP,A,2020,-0.021762516,
LTU,QGDP,TOT,PC_CHGPP,A,2021,5.981033609,
LTU,QGDP,TOT,PC_CHGPP,A,2022,1.887518039,
BGR,QGDP,TOT,PC_CHGPP,A,2000,4.587226734,
BGR,QGDP,TOT,PC_CHGPP,A,2001,3.823701426,
BGR,QGDP,TOT,PC_CHGPP,A,2002,5.871931433,
BGR,QGDP,TOT,PC_CHGPP,A,2003,5.237155215,
BGR,QGDP,TOT,PC_CHGPP,A,2004,6.510425341,
BGR,QGDP,TOT,PC_CHGPP,A,2005,7.05634894,
BGR,QGDP,TOT,PC_CHGPP,A,2006,6.802589226,
BGR,QGDP,TOT,PC_CHGPP,A,2007,6.654388149,
BGR,QGDP,TOT,PC_CHGPP,A,2008,6.129557144,
BGR,QGDP,TOT,PC_CHGPP,A,2009,-3.347140965,
BGR,QGDP,TOT,PC_CHGPP,A,2010,1.541802654,
BGR,QGDP,TOT,PC_CHGPP,A,2011,2.101204533,
BGR,QGDP,TOT,PC_CHGPP,A,2012,0.754931554,
BGR,QGDP,TOT,PC_CHGPP,A,2013,-0.560495118,
BGR,QGDP,TOT,PC_CHGPP,A,2014,0.966867867,
BGR,QGDP,TOT,PC_CHGPP,A,2015,3.428057262,
BGR,QGDP,TOT,PC_CHGPP,A,2016,3.039824126,
BGR,QGDP,TOT,PC_CHGPP,A,2017,2.76217096,
BGR,QGDP,TOT,PC_CHGPP,A,2018,2.684760587,
BGR,QGDP,TOT,PC_CHGPP,A,2019,4.038143232,
BGR,QGDP,TOT,PC_CHGPP,A,2020,-3.958615546,
BGR,QGDP,TOT,PC_CHGPP,A,2021,7.634609716,
BGR,QGDP,TOT,PC_CHGPP,A,2022,3.361251797,P
ROU,QGDP,TOT,PC_CHGPP,A,2000,2.531298929,
ROU,QGDP,TOT,PC_CHGPP,A,2001,5.081664979,
ROU,QGDP,TOT,PC_CHGPP,A,2002,5.679384534,
ROU,QGDP,TOT,PC_CHGPP,A,2003,2.314459638,
ROU,QGDP,TOT,PC_CHGPP,A,2004,10.32986933,
ROU,QGDP,TOT,PC_CHGPP,A,2005,4.686140632,
ROU,QGDP,TOT,PC_CHGPP,A,2006,8.023981773,
ROU,QGDP,TOT,PC_CHGPP,A,2007,7.197690291,
ROU,QGDP,TOT,PC_CHGPP,A,2008,9.406957292,
ROU,QGDP,TOT,PC_CHGPP,A,2009,-5.55178738,
ROU,QGDP,TOT,PC_CHGPP,A,2010,-3.912925363,
ROU,QGDP,TOT,PC_CHGPP,A,2011,4.533649989,
ROU,QGDP,TOT,PC_CHGPP,A,2012,1.910746134,
ROU,QGDP,TOT,PC_CHGPP,A,2013,0.249240739,
ROU,QGDP,TOT,PC_CHGPP,A,2014,4.129872282,
ROU,QGDP,TOT,PC_CHGPP,A,2015,3.163282751,
ROU,QGDP,TOT,PC_CHGPP,A,2016,2.853205937,
ROU,QGDP,TOT,PC_CHGPP,A,2017,8.212576491,
ROU,QGDP,TOT,PC_CHGPP,A,2018,6.03012076,
ROU,QGDP,TOT,PC_CHGPP,A,2019,3.844233196,
ROU,QGDP,TOT,PC_CHGPP,A,2020,-3.69189698,
ROU,QGDP,TOT,PC_CHGPP,A,2021,5.873723035,P
ROU,QGDP,TOT,PC_CHGPP,A,2022,4.791385841,P
CRI,QGDP,TOT,PC_CHGPP,A,2000,3.868718088,
CRI,QGDP,TOT,PC_CHGPP,A,2001,3.491169891,
CRI,QGDP,TOT,PC_CHGPP,A,2002,3.416876397,
CRI,QGDP,TOT,PC_CHGPP,A,2003,4.317179861,
CRI,QGDP,TOT,PC_CHGPP,A,2004,4.424599595,
CRI,QGDP,TOT,PC_CHGPP,A,2005,3.976666375,
CRI,QGDP,TOT,PC_CHGPP,A,2006,7.32669543,
CRI,QGDP,TOT,PC_CHGPP,A,2007,8.215131974,
CRI,QGDP,TOT,PC_CHGPP,A,2008,4.738174888,
CRI,QGDP,TOT,PC_CHGPP,A,2009,-0.873455949,
CRI,QGDP,TOT,PC_CHGPP,A,2010,5.360343528,
CRI,QGDP,TOT,PC_CHGPP,A,2011,4.403159243,
CRI,QGDP,TOT,PC_CHGPP,A,2012,4.88259241,
CRI,QGDP,TOT,PC_CHGPP,A,2013,2.494766107,
CRI,QGDP,TOT,PC_CHGPP,A,2014,3.542109883,
CRI,QGDP,TOT,PC_CHGPP,A,2015,3.652080968,
CRI,QGDP,TOT,PC_CHGPP,A,2016,4.204323248,
CRI,QGDP,TOT,PC_CHGPP,A,2017,4.157698963,
CRI,QGDP,TOT,PC_CHGPP,A,2018,2.615904406,
CRI,QGDP,TOT,PC_CHGPP,A,2019,2.41751182,
CRI,QGDP,TOT,PC_CHGPP,A,2020,-4.273354323,
CRI,QGDP,TOT,PC_CHGPP,A,2021,7.780797564,
CRI,QGDP,TOT,PC_CHGPP,A,2022,4.305015794,
HRV,QGDP,TOT,PC_CHGPP,A,2000,2.958798219,
HRV,QGDP,TOT,PC_CHGPP,A,2001,3.11246151,
HRV,QGDP,TOT,PC_CHGPP,A,2002,5.823015627,
HRV,QGDP,TOT,PC_CHGPP,A,2003,5.595353097,
HRV,QGDP,TOT,PC_CHGPP,A,2004,4.18265384,
HRV,QGDP,TOT,PC_CHGPP,A,2005,4.308699916,
HRV,QGDP,TOT,PC_CHGPP,A,2006,4.918058767,
HRV,QGDP,TOT,PC_CHGPP,A,2007,4.960917824,
HRV,QGDP,TOT,PC_CHGPP,A,2008,2.00186404,
HRV,QGDP,TOT,PC_CHGPP,A,2009,-7.193444752,
HRV,QGDP,TOT,PC_CHGPP,A,2010,-1.2237795,
HRV,QGDP,TOT,PC_CHGPP,A,2011,-0.086613762,
HRV,QGDP,TOT,PC_CHGPP,A,2012,-2.331661658,
HRV,QGDP,TOT,PC_CHGPP,A,2013,-0.397827662,
HRV,QGDP,TOT,PC_CHGPP,A,2014,-0.429360563,
HRV,QGDP,TOT,PC_CHGPP,A,2015,2.52229223,
HRV,QGDP,TOT,PC_CHGPP,A,2016,3.559359498,
HRV,QGDP,TOT,PC_CHGPP,A,2017,3.412467828,
HRV,QGDP,TOT,PC_CHGPP,A,2018,2.80067619,
HRV,QGDP,TOT,PC_CHGPP,A,2019,3.421005536,
HRV,QGDP,TOT,PC_CHGPP,A,2020,-8.580343013,
HRV,QGDP,TOT,PC_CHGPP,A,2021,13.07220492,P
HRV,QGDP,TOT,PC_CHGPP,A,2022,6.331336281,P
